Region,ID requirement for SIM,Prepaid SIM ease (1-5),eSIM availability (1-5),Best approach (typical),Notes
North America,Often yes (varies),4,4,"eSIM if supported; otherwise prepaid in-store",Some carriers require ID; airports may be pricey
Europe,Often yes,4,5,"eSIM or local prepaid SIM; roaming within EU",ID checks common; eSIM options broad
United Kingdom,Sometimes,5,4,"Local prepaid SIM or eSIM",Easy pickup at shops
Nordics,Sometimes,4,4,"eSIM or prepaid",Card-first societies; SIM setups usually smooth
Middle East,Usually yes,3,4,"Airport SIM for convenience or eSIM",Airport kiosks common; verify data packages
Southeast Asia,Usually yes,5,4,"Local prepaid SIM at airport or 7‑Eleven; eSIM also viable",Tourist SIM bundles common
East Asia,Usually yes,4,4,"eSIM often easiest; otherwise airport SIM",Registration can be strict in some places
South Asia,Usually yes,3,3,"eSIM where available; otherwise prepaid with passport",Setup can take longer; keep time buffer
Latin America,Often yes,3,3,"Local prepaid SIM; eSIM improving",Coverage varies by carrier and region
Oceania,Sometimes,4,4,"Prepaid or eSIM",Generally straightforward activation
